Tipo,Resumen,Historia de usuario,Estimacion (pts),Estado,Responsable
Historia,HU01 Crear pregunta de seleccion multiple con unica respuesta,HU01,8,Hecho,
Tarea,Modelar entidad Pregunta con patron Builder,HU01,2,Hecho,
Tarea,Implementar reglas de validacion estructural (Strategy + Composite),HU01,3,Hecho,
Tarea,Construir formulario Swing de creacion (MVC),HU01,3,Hecho,
Historia,HU02 Cambiar estado de borrador a Pendiente de revision,HU02,5,Hecho,
Tarea,Implementar patron State para el ciclo de vida de la pregunta,HU02,2,Hecho,
Tarea,Renderizar los estados con colores en la tabla,HU02,1,Hecho,
Tarea,Accion Enviar a revision en el controlador del listado,HU02,2,Hecho,
Historia,HU03 Listar mis preguntas con paginacion y filtros,HU03,8,Hecho,
Tarea,Implementar PaginaResultado y paginacion en el servicio,HU03,3,Hecho,
Tarea,Implementar filtros por texto tema estado y dificultad,HU03,3,Hecho,
Tarea,Construir vista de listado con controles de paginacion,HU03,2,Hecho,
Historia,HU04 Asignar revisores y notificar por correo,HU04,8,Hecho,
Tarea,Implementar AsignacionService con reglas de negocio,HU04,3,Hecho,
Tarea,Implementar notificacion por correo (Observer + Adapter),HU04,3,Hecho,
Tarea,Construir vista de asignacion de revisores,HU04,2,Hecho,
Tarea,Configurar repositorio Git y estructura Maven,Tecnica,2,Hecho,
Tarea,Pruebas unitarias del dominio con JUnit 5,Tecnica,5,Hecho,
Tarea,Documento de arquitectura y modelo C4,Tecnica,5,En progreso,
Tarea,Prototipos de interfaz y test de usabilidad,Tecnica,3,En progreso,
Tarea,Video de sustentacion en YouTube,Tecnica,3,Por hacer,
