Work item ID,Work type,Summary,Parent,Story point estimate,Status,Assignee
1,Story,HU01 Crear pregunta de seleccion multiple con unica respuesta,,8,Hecho,
2,Story,HU02 Cambiar estado de borrador a Pendiente de revision,,5,Hecho,
3,Story,HU03 Listar mis preguntas con paginacion y filtros,,8,Hecho,
4,Story,HU04 Asignar revisores y notificar por correo,,8,Hecho,
5,Task,Modelar entidad Pregunta con patron Builder,1,2,Hecho,
6,Task,Implementar reglas de validacion estructural (Strategy + Composite),1,3,Hecho,
7,Task,Construir formulario Swing de creacion (MVC),1,3,Hecho,
8,Task,Implementar patron State para el ciclo de vida de la pregunta,2,2,Hecho,
9,Task,Renderizar los estados con colores en la tabla,2,1,Hecho,
10,Task,Accion Enviar a revision en el controlador del listado,2,2,Hecho,
11,Task,Implementar PaginaResultado y paginacion en el servicio,3,3,Hecho,
12,Task,Implementar filtros por texto tema estado y dificultad,3,3,Hecho,
13,Task,Construir vista de listado con controles de paginacion,3,2,Hecho,
14,Task,Implementar AsignacionService con reglas de negocio,4,3,Hecho,
15,Task,Implementar notificacion por correo (Observer + Adapter),4,3,Hecho,
16,Task,Construir vista de asignacion de revisores,4,2,Hecho,
17,Task,Configurar repositorio Git y estructura Maven,,2,Hecho,
18,Task,Pruebas unitarias del dominio con JUnit 5,,5,Hecho,
19,Task,Documento de arquitectura y modelo C4,,5,En progreso,
20,Task,Prototipos de interfaz y test de usabilidad,,3,En progreso,
21,Task,Video de sustentacion en YouTube,,3,Por hacer,
